14.50846961;46.09001253;103111;7. septembra
14.5086354;46.08982298;103112;7. septembra
14.50398685;46.05353901;600022;Ajdovščina
14.52924189;46.03219028;503031;Akademija
14.52909829;46.03207954;503032;Akademija
14.51724936;46.04957284;502013;Ambrožev trg
14.5168919;46.04957526;502014;Ambrožev trg
14.8166638;45.82838338;528151;Ambrus
14.8166638;45.82838338;528152;Ambrus
14.51198209;46.07775965;103031;AMZS
14.51240007;46.0778507;103032;AMZS
14.46513284;46.08538329;804171;Andreja Bitenca
14.46511001;46.08590415;804172;Andreja Bitenca
14.55538115;46.05625452;303061;Archinetova
14.55674465;46.05601932;303062;Archinetova
14.508486;46.06473892;101051;Astra
14.50907308;46.06489735;101052;Astra
14.49869258;46.0466149;602051;Aškerčeva
14.49937912;46.0466734;602052;Aškerčeva
14.48227325;46.07693468;803021;Avtomontaža
14.48244983;46.07731807;803022;Avtomontaža
14.4717366;46.02976362;604031;Avtosejem
14.84850597;45.80727005;529031;Bakrc
14.84897614;45.80743408;529032;Bakrc
14.51324572;46.01441368;604021;Barje
14.51233919;46.01399832;604022;Barje
14.51233919;46.01399832;604023;Barje
14.50567666;46.05669119;600011;Bavarski dvor (Korabar)
14.50528942;46.05634169;600012;Bavarski dvor (Kozolec)
14.35194773;46.06878282;725091;Belica
14.35194773;46.06878282;725092;Belica
14.5746803;46.09142847;204141;Belinka
14.57572809;46.09119685;204142;Belinka
14.64370667;45.94226049;546021;Benat
14.64370667;45.94226049;546022;Benat
14.61365049;46.09007478;204171;Beričevo
14.68729859;46.03330353;405051;Besnica ambulanta
14.68753215;46.0331784;405052;Besnica ambulanta
14.70199503;46.02620169;405061;Besnica kamnolom
14.71035835;46.02019413;405062;Besnica kamnolom
14.65012631;46.03712;405021;Besnica/Lj.
14.650288;46.0368197;405022;Besnica/Lj.
14.65799426;46.03542622;405031;Besnica/Lj. Š
14.65799426;46.03542622;405032;Besnica/Lj. Š
14.3537169;45.98111905;765031;Bevke
14.3537169;45.98111905;765032;Bevke
14.51177021;46.0637342;101031;Bežigrad
14.51018066;46.06333724;101032;Bežigrad
14.51304539;46.06309768;101041;Bežigrad
14.54513027;46.04544453;403071;Bilečanska
14.54531892;46.04513176;403072;Bilečanska
14.33286731;45.94602958;756101;Bistra
14.33286731;45.94602958;756102;Bistra
14.5709704;46.03738716;404121;Bizovik
14.57073684;46.037603;404123;Bizovik
14.33625759;45.97328117;765041;Bl.Brezovica
14.33625759;45.97328117;765042;Bl.Brezovica
14.6684699;46.03179564;405041;Blaževo
14.66865855;46.03160793;405042;Blaževo
14.21389868;45.91549215;707011;Blekova vas
14.21389868;45.91549215;707012;Blekova vas
14.87319691;45.93312753;508021;Boga vas
14.87319691;45.93312753;508022;Boga vas
14.44808464;46.05179444;704041;Bokalce
14.52820852;46.05430857;402041;Bolnica
14.5289486;46.05425499;402042;Bolnica
14.48577866;46.0675141;802041;Bolnica P. Držaja
14.4855043;46.06791907;802042;Bolnica P. Držaja
14.47376919;46.03999141;703101;Bonifacija
14.47373319;46.04045534;703102;Bonifacija
14.36237461;45.9215434;756061;Borovnica K
14.36237461;45.9215434;756062;Borovnica K
14.36420763;45.91907917;756071;Borovnica Merc.
14.36420763;45.91907917;756072;Borovnica Merc.
14.36398405;45.9251245;756051;Borovnica most
14.36398405;45.9251245;756052;Borovnica most
14.55155719;46.06646246;203181;Bratislavska
14.55124662;46.06604575;203182;Bratislavska
14.46299828;46.07474476;803161;Bratov Babnik
14.46384321;46.0749702;803162;Bratov Babnik
14.47279397;46.06987309;803131;Bratov Učakar
14.47338139;46.06973928;803132;Bratov Učakar
14.50296704;46.06521259;101061;Bratov Židan
14.50313699;46.06545996;101062;Bratov Židan
14.45444011;46.04758933;704021;Brdo
14.43771076;46.02873611;704022;Brdo
14.45388943;46.04781846;704024;Brdo
14.45386897;46.04760625;704026;Brdo
14.36268976;45.93346283;756041;Breg pri Borovnici
14.36268976;45.93346283;756042;Breg pri Borovnici
14.85880699;45.85794692;528081;Breg pri Zagradcu
14.85880699;45.85794692;528082;Breg pri Zagradcu
14.49118862;45.96917409;615041;Brest
14.49118862;45.96917409;615042;Brest
14.34719519;46.02769493;715111;Brezje pri Dobrovi
14.34719519;46.02769493;715112;Brezje pri Dobrovi
14.35707554;46.03283898;715101;Brezje pri Dobrovi And.
14.35707554;46.03283898;715102;Brezje pri Dobrovi And.
14.84890782;45.82277927;529041;Brezovi Dol
14.84890782;45.82277927;529042;Brezovi Dol
14.41765928;46.02393556;704081;Brezovica pri Ljubljani
14.41765928;46.02393556;704082;Brezovica pri Ljubljani
14.41480005;46.01701526;744011;Brezovica pri Ljubljani Š
14.41480005;46.01701526;744012;Brezovica pri Ljubljani Š
14.50010765;46.00935383;614021;Brglezov štradon
14.49959561;46.00942895;614022;Brglezov štradon
14.50561546;46.07696237;103021;Brinje
14.50634559;46.07791759;103022;Brinje
14.3023419;46.05688463;726021;Briše pri Polh.G.
14.3023419;46.05688463;726022;Briše pri Polh.G.
14.29729727;46.04649298;726031;Briše pri Polh.G.Koroš.
14.29729727;46.04649298;726032;Briše pri Polh.G.Koroš.
14.27801405;46.04780825;726041;Briše pri Polh.G.M.Voda
14.27801405;46.04780825;726042;Briše pri Polh.G.M.Voda
14.55581003;46.0937351;204121;Brnčičeva
14.46262314;46.11544652;804121;Brod
14.55309993;46.0544323;303071;Brodarjev trg
14.55344591;46.05420809;303072;Brodarjev trg
14.70084406;45.83680586;517051;Bruhanja vas
14.70084406;45.83680586;517052;Bruhanja vas
14.63993647;45.96393348;505091;Brvace
14.63993647;45.96393348;505092;Brvace
14.54499903;46.06214954;203141;BTC-Emporium
14.54496999;46.06178418;203142;BTC-Emporium
14.54858977;46.06562608;203131;BTC-Kolosej
14.54773702;46.06593495;203132;BTC-Kolosej
14.54423697;46.06566051;203121;BTC-tržnica
14.54397405;46.06549373;203122;BTC-tržnica
14.54187937;46.06836274;203111;BTC-uprava
14.54203023;46.06817961;203112;BTC-uprava
14.50886662;46.17325903;826031;Bukovica pri Vod.Anzel
14.50886662;46.17325903;826032;Bukovica pri Vod.Anzel
14.50634657;46.17628037;826021;Bukovica pri Vod.Plevec
14.50634657;46.17628037;826022;Bukovica pri Vod.Plevec
14.23602411;46.03325213;726071;Butajnova
14.23602411;46.03325213;726072;Butajnova
14.25875955;46.04254314;726061;Butajnova Čamernik
14.25875955;46.04254314;726062;Butajnova Čamernik
14.26901913;46.04495744;726051;Butajnova Setnik
14.26901913;46.04495744;726052;Butajnova Setnik
14.49851772;46.05103718;602011;Cankarjev dom
14.49701812;46.05009691;602012;Cankarjev dom
14.49078314;46.00570132;614041;Capuder
14.49036093;46.00592668;614042;Capuder
14.54613282;46.09659509;104091;Cesta na Brod
14.5470075;46.09606062;104092;Cesta na Brod
14.58941315;46.05402136;304091;Cesta na Vevče
14.58964863;46.05378707;304092;Cesta na Vevče
14.56991072;46.04464831;404021;Cesta v Bizovik
14.57028474;46.04444288;404022;Cesta v Bizovik
14.60249289;46.04028308;404071;Cesta v Zavoglje
14.60328436;46.03996304;404072;Cesta v Zavoglje
14.48090961;46.04595736;703021;Cesta XV
14.48027741;46.0466046;703022;Cesta XV
14.69232164;45.8580456;527011;Cesta/Dobrepolju
14.69232164;45.8580456;527012;Cesta/Dobrepolju
14.56590717;46.05517909;304041;Chengdujska
14.56745855;46.05481992;304042;Chengdujska
14.63221859;45.96721572;505081;Cikava
14.63221859;45.96721572;505082;Cikava
14.53501622;46.07768945;203201;Clevelandska
14.47171847;46.07839202;803111;Čebelarska
14.47159547;46.07892625;803112;Čebelarska
14.51214275;46.08998773;103121;Čerinova
14.51244481;46.09028242;103122;Čerinova
14.85059421;45.86157179;528061;Češnjice pri Zagradcu
14.85059421;45.86157179;528062;Češnjice pri Zagradcu
14.25416321;46.08847336;737041;Črni Vrh
14.25416321;46.08847336;737042;Črni Vrh
14.27086382;46.08505377;737031;Črni Vrh nad Vrhovci
14.27086382;46.08505377;737032;Črni Vrh nad Vrhovci
14.53642009;46.10427971;104161;Črnuče
14.69980433;45.89162769;526051;Čušperk
14.69980433;45.89162769;526052;Čušperk
14.42432344;45.95279685;746021;D.Brezovica Baša
14.42432344;45.95279685;746022;D.Brezovica Baša
14.42894009;45.94979217;746031;D.Brezovica Landovec
14.42894009;45.94979217;746032;D.Brezovica Landovec
14.34215203;46.0603592;725111;D.vas pri Polh.G.
14.34215203;46.0603592;725112;D.vas pri Polh.G.
14.50529837;46.05412;600032;Dalmatinova
14.83300995;45.85668884;528091;Dečja vas pri Zagradcu
14.83300995;45.85668884;528092;Dečja vas pri Zagradcu
14.86115527;45.93211048;508011;Dob/Šentvidu
14.86115527;45.93211048;508012;Dob/Šentvidu
14.54562855;46.1113472;104231;Dobrava/Črnučah
14.5460844;46.11127472;104232;Dobrava/Črnučah
14.53215139;45.94682691;605031;Dobravica K
14.53215139;45.94682691;605032;Dobravica K
14.41753892;46.05424143;725011;Dobrova
14.41753892;46.05424143;725012;Dobrova
14.40641347;46.04713245;715061;Dobrova graben
14.40641347;46.04713245;715062;Dobrova graben
14.3812398;46.04093491;715081;Dobrova Maček
14.3812398;46.04093491;715082;Dobrova Maček
14.37040674;46.03802816;715091;Dobrova Skodlar
14.37040674;46.03802816;715092;Dobrova Skodlar
14.3930083;46.04229349;715071;Dobrova vodomet
14.3930083;46.04229349;715072;Dobrova vodomet
14.57961076;46.04321984;404031;Dobrunje
14.58010067;46.04297266;404032;Dobrunje
14.5891128;46.03827904;404141;Dobrunje pod Urhom
14.58928348;46.03811013;404142;Dobrunje pod Urhom
14.47670707;46.18164648;825071;Dobruša lipa
14.47670707;46.18164648;825072;Dobruša lipa
14.35481706;45.92845197;756081;Dol pri Borovnici Majer
14.35481706;45.92845197;756082;Dol pri Borovnici Majer
14.34816274;45.93018689;756091;Dol pri Borovnici Pivk
14.34816274;45.93018689;756092;Dol pri Borovnici Pivk
14.4671791;46.03705831;703111;Dolgi most
14.46567546;46.03697555;703112;Dolgi most
14.46302182;46.03763558;704011;Dolgi most - obračališče
14.46300225;46.03606481;704012;Dolgi most - obračališče izstop
14.45299432;46.03371018;704051;Dolgi most Rotar
14.45227567;46.03369141;704052;Dolgi most Rotar
14.49599337;46.00750726;614031;Dornig
14.49487946;46.00768253;614032;Dornig
14.38750327;46.01773647;705011;Dragomer
14.38750327;46.01773647;705012;Dragomer
14.5021239;46.04897863;602021;Drama
14.50173332;46.04881427;602022;Drama
14.46160918;46.07376544;803151;Draveljska gmajna
14.4614593;46.07395021;803152;Draveljska gmajna
14.47762954;46.08357844;803041;Dravlje
14.47834801;46.0835599;803042;Dravlje
14.42718518;46.04713462;715011;Draževnik
14.42718518;46.04713462;715012;Draževnik
14.49623361;46.06707505;802051;Drenikova
14.49620901;46.06683818;802052;Drenikova
14.32942198;45.99440416;705051;Drenov Grič
14.32942198;45.99440416;705052;Drenov Grič
14.68559773;45.98119024;535041;Drobnič
14.68559773;45.98119024;535042;Drobnič
14.34520576;46.06335491;725101;Dvor pri Polh.G.
14.34520576;46.06335491;725102;Dvor pri Polh.G.
14.52718423;46.09858489;104061;Elma
14.52750794;46.09833667;104062;Elma
14.54484151;46.04779873;403051;Emona
14.54545907;46.04749847;403052;Emona
14.52950053;46.06466578;202082;Flajšmanova
14.51831607;46.05744252;301011;Friškovec
14.51674826;46.05748787;301012;Friškovec
14.56588749;46.05244858;304051;Fužine
14.43675124;45.94077448;746041;G.Brezovica
14.43675124;45.94077448;746042;G.Brezovica
14.80639617;45.91915131;567031;G.vas/Muljavi K
14.80639617;45.91915131;567032;G.vas/Muljavi K
14.399906;46.07298934;725041;Gaberje pri Dob.Brvičar
14.399906;46.07298934;725042;Gaberje pri Dob.Brvičar
14.40889711;46.06814582;725031;Gaberje pri Dobrovi
14.40889711;46.06814582;725032;Gaberje pri Dobrovi
14.79328196;45.88201674;567061;Gabrovčec K
14.79328196;45.88201674;567062;Gabrovčec K
14.51295197;46.03338669;603093;Galjevica
14.51303903;46.03316056;603094;Galjevica
14.49716542;46.12689831;104221;Gameljne
14.51638952;46.06831222;102031;Gasilska brigada
14.51709172;46.06849892;102032;Gasilska brigada
14.49000576;46.04076486;603021;Gerbičeva
14.48983296;46.04036707;603022;Gerbičeva
14.48219146;46.04323578;703081;Glince
14.48143433;46.04344452;703082;Glince
14.57525289;45.97123012;515021;Glinek/Škofljici
14.57525289;45.97123012;515022;Glinek/Škofljici
14.83287461;45.94795427;507141;Glogovica K
14.83287461;45.94795427;507142;Glogovica K
14.52646612;46.05028932;402051;Glonarjeva
14.527095;46.05055651;402052;Glonarjeva
14.5448266;45.91090445;605061;Golo
14.5448266;45.91090445;605062;Golo
14.37868369;45.95107845;756021;Goričica pod Krimom
14.37868369;45.95107845;756022;Goričica pod Krimom
14.50752947;46.084952;103091;Gorjančeva
14.50790368;46.08606028;103092;Gorjančeva
14.52236987;46.04890225;402061;Gornje Poljane
14.52456784;46.0487326;402062;Gornje Poljane
14.53545919;46.02834152;504011;Gornji Rudnik
14.5355323;46.02804299;504012;Gornji Rudnik
14.5063617;46.04593738;602101;Gornji trg
14.50648694;46.04574087;602102;Gornji trg
14.5839138;45.91976166;515051;Gradišče nad Pijavo G.
14.58369541;45.91939926;515052;Gradišče nad Pijavo G.
14.2123251;45.8741188;707041;Grčarevec
14.21228981;45.87411499;707042;Grčarevec
14.82943029;45.85446111;528101;Grintovec/Zagradcu
14.82943029;45.85446111;528102;Grintovec/Zagradcu
14.8255634;45.94512265;507091;Griže/Stični
14.8255634;45.94512265;507092;Griže/Stični
14.86813036;45.94638019;508051;Grm
14.86813036;45.94638019;508052;Grm
14.65290198;45.95584835;505141;Grosuplje
14.65290198;45.95584835;505142;Grosuplje
14.65106703;45.95840717;505131;Grosuplje Adamičev sp.
14.65106703;45.95840717;505132;Grosuplje Adamičev sp.
14.65955616;45.96684558;506011;Grosuplje Motel
14.65955616;45.96684558;506012;Grosuplje Motel
14.65800608;45.95025802;536011;Grosuplje Mrzle Njive
14.65800608;45.95025802;536012;Grosuplje Mrzle Njive
14.65058041;45.95859909;505111;Grosuplje pod gozdom
14.65047836;45.95888901;505112;Grosuplje pod gozdom
14.66127082;45.95644019;505121;Grosuplje pri mostu
14.66127082;45.95644019;505122;Grosuplje pri mostu
14.6610354;45.9527144;536021;Grosuplje Rubin
14.6610354;45.9527144;536022;Grosuplje Rubin
14.66135395;45.9512352;556011;Grosuplje SM
14.66135395;45.9512352;556012;Grosuplje SM
14.64424229;45.96176529;505101;Grosuplje Stara pošta
14.64451504;45.96142197;505102;Grosuplje Stara pošta
14.56340707;46.06214163;204021;GZL
14.56441503;46.06197227;204022;GZL
14.49040554;46.04552526;602031;Hajdrihova
14.48987999;46.04584306;602032;Hajdrihova
14.51701604;45.99962172;604041;Hauptmanca
14.51701604;45.99962172;604042;Hauptmanca
14.75818283;45.87214069;528011;Hočevje
14.75818283;45.87214069;528012;Hočevje
14.29710862;46.02258492;716011;Horjul
14.29710862;46.02258492;716012;Horjul
14.50200198;46.05636997;700012;Hotel Lev
14.50731471;46.06373521;101011;Hranilniška
14.50760004;46.0638776;101012;Hranilniška
14.37664171;46.07305417;725071;Hrastenice
14.37664171;46.07305417;725072;Hrastenice
14.56332813;46.07465466;204061;Hrastje
14.56378456;46.07469094;204062;Hrastje
14.54682796;45.90412346;605071;Hrastje pri Golem
14.54682796;45.90412346;605072;Hrastje pri Golem
14.44759633;46.17434352;816011;Hraše
14.44759633;46.17434352;816012;Hraše
14.39226488;46.0748341;725051;Hruševo
14.39226488;46.0748341;725052;Hruševo
14.56432751;46.03977769;404111;Hruševska
14.56477667;46.03950868;404112;Hruševska
14.55924653;46.04557974;404011;Hrušica
14.56045423;46.04518241;404012;Hrušica
14.51685272;46.05249701;402011;Hrvatski trg
14.51816363;46.05231737;402012;Hrvatski trg
14.52798041;45.95883542;605011;Ig
14.52798041;45.95883542;605012;Ig
14.53247875;45.95548415;605021;Ig mizarstvo
14.53247875;45.95548415;605022;Ig mizarstvo
14.51805262;45.96036427;625021;Ig spomenik
14.51805262;45.96036427;625022;Ig spomenik
14.51377656;46.05305334;501011;Ilirska
14.51410835;46.05287956;501012;Ilirska
14.51199816;46.0287453;603101;Ilovica
14.51167123;46.02832433;603102;Ilovica
14.47708869;46.0890355;804161;IMP
14.47732445;46.08933486;804162;IMP
14.51513252;45.9712573;615011;Iška Loka
14.51513252;45.9712573;615012;Iška Loka
14.51445009;45.93698172;626011;Iška vas obr.
14.51445009;45.93698172;626012;Iška vas obr.
14.51149428;45.94022639;625051;Iška vas trg.
14.51149428;45.94022639;625052;Iška vas trg.
14.51067273;46.01960121;604011;Iški most
14.51033652;46.01981987;604012;Iški most
14.80279483;45.93879202;507031;Ivančna Gorica
14.80279483;45.93879202;507032;Ivančna Gorica
14.51309397;46.03537216;603121;Ižanska
14.5127597;46.03497176;603122;Ižanska
14.48867582;46.04377958;603011;Jadranska
14.48927847;46.04224887;603012;Jadranska
14.47521952;46.04483261;703031;Jamnikarjeva
14.47449005;46.0451372;703032;Jamnikarjeva
14.53290792;46.05328007;403011;Jana Husa
14.53393558;46.05344906;403012;Jana Husa
14.53668755;46.06845104;203091;Jarše
14.53874452;46.06873181;203092;Jarše
14.6529238;46.01254728;425011;Javor pri Sostrem K.
14.6529777;46.01221555;425012;Javor pri Sostrem K.
14.64005852;46.04006824;405011;Javor/K
14.64005852;46.04006824;405012;Javor/K
14.43484505;45.97077269;745061;Jezero
14.43466759;45.97076296;745062;Jezero/Krimom
14.55312752;46.10066653;104181;Ježa
14.55382042;46.10012186;104182;Ježa
14.516987;46.09748498;104031;Ježica
14.51688818;46.09618509;104032;Ježica
14.51690718;46.09730154;104033;Ježica
14.52765502;46.02656813;504041;Jurčkova
14.52871273;46.02587633;504042;Jurčkova
14.54079962;46.05656073;303022;Kajuhova
14.80958306;45.83269096;528131;Kal/Ambrusu
14.80958306;45.83269096;528132;Kal/Ambrusu
14.81201726;45.83999682;528121;Kal/Ambrusu K
14.81201726;45.83999682;528122;Kal/Ambrusu K
14.19644393;45.89669586;707031;Kalce/Logatcu
14.19644393;45.89669586;707032;Kalce/Logatcu
14.51073952;46.09360962;104021;Kališnikov trg
14.51115878;46.09359122;104022;Kališnikov trg
14.46510192;46.07941699;803181;Kamna Gorica
14.81544251;45.83383872;528141;Kamni Vrh
14.81544251;45.83383872;528142;Kamni Vrh
14.40871203;45.95547973;745091;Kamnik pod Krimom
14.40871203;45.95547973;745092;Kamnik pod Krimom
14.40281208;45.96613406;745081;Kamnik pod Krimom K
14.40281208;45.96613406;745082;Kamnik pod Krimom K
14.5191272;46.07178023;102091;Kardeljeva ploščad
14.51961749;46.07255988;102092;Kardeljeva ploščad
14.53590511;46.06406954;203051;Kavčičeva
14.53648084;46.06396666;203052;Kavčičeva
14.5031083;46.05548669;600042;Kersnikova
14.489411;46.06980367;802021;Kino Šiška
14.49017246;46.06934952;802022;Kino Šiška
14.52055543;46.05242678;402031;Klinični center
14.52096504;46.05230478;402032;Klinični center
14.48095684;46.07144775;803081;Kneza Koclja
14.48097745;46.0717449;803082;Kneza Koclja
14.53917442;46.05219229;403021;Kodeljevo
14.53907267;46.05141081;403022;Kodeljevo
14.53955969;46.05157464;403023;Kodeljevo
14.53943059;46.05180562;403025;Kodeljevo - obračališče
14.5399355;46.0692253;203101;Kodrova
14.54149426;46.06915075;203102;Kodrova
14.49870765;46.04247723;602081;Kolezija
14.49842005;46.04239864;602082;Kolezija
14.50218415;46.05577876;700011;Kolizej
14.50942963;46.05773431;300011;Kolodvor
14.51096275;46.05747471;300012;Kolodvor
14.52621146;46.10154576;104101;Kolodvor Črnuče
14.52532624;46.10120838;104102;Kolodvor Črnuče
14.42881259;46.04406103;715021;Komanija
14.42881259;46.04406103;715022;Komanija
14.5391883;46.20561364;106011;Komenda vas
14.5391883;46.20561364;106012;Komenda vas
14.48029817;46.07971826;803031;Kompas
14.4807017;46.07983336;803032;Kompas
14.71420934;45.81720168;517071;Kompolje/Dobrepolju
14.71420934;45.81720168;517072;Kompolje/Dobrepolju
14.50281188;46.05104859;601012;Konzorcij
14.48453424;46.03539597;603041;Koprska
14.48390998;46.03585304;603042;Koprska
14.46736096;46.07212403;803141;Koseze
14.46769124;46.07217277;803142;Koseze
14.46079649;46.10090235;804081;Kosmačeva
14.46101395;46.10086405;804082;Kosmačeva
14.5119911;45.95125985;625041;Kot/Igu K
14.5119911;45.95125985;625042;Kot/Igu K
14.44411566;46.03084458;704101;Kozarje
14.44364854;46.03090715;704102;Kozarje
14.46300723;45.99344627;614081;Kozler
14.46254011;45.99399725;614082;Kozler
14.71018822;45.99290243;535061;Kožljevec
14.71018822;45.99290243;535062;Kožljevec
14.59203517;46.04153396;404051;KPL
14.59322212;46.04117738;404052;KPL
14.51076498;46.05054457;501031;Krekov trg
14.51044365;46.05020509;501032;Krekov trg
14.4897182;46.03658129;603031;Krimska
14.48925772;46.03669091;603032;Krimska
14.50164514;46.04629592;602061;Križanke
14.50218241;46.04596101;602062;Križanke
14.60826428;46.0373128;404081;Križišče Sostro
14.60783019;46.03730076;404082;Križišče Sostro
14.60840801;46.03760059;404083;Križišče Sostro
14.60870445;46.03746921;404084;Križišče Sostro
14.77996438;45.88212706;528021;Krka
14.77996438;45.88212706;528022;Krka
14.55654394;46.04070588;404101;Krožna pot
14.55644512;46.04104996;404102;Krožna pot
14.51423987;46.06530361;101034;Kržičeva
14.55669645;45.89163242;606021;Kurešček Dom
14.55669645;45.89163242;606022;Kurešček Dom
14.5523587;45.88943359;606011;Kurešček K
14.5523587;45.88943359;606012;Kurešček K
14.22214451;46.03869233;727011;Kurja vas/Šentjoštu
14.22214451;46.03869233;727012;Kurja vas/Šentjoštu
14.8141406;45.84805796;528111;Kuželjevec K
14.8141406;45.84805796;528112;Kuželjevec K
14.51130446;46.0244871;603111;Lahova pot
14.51106001;46.02444938;603112;Lahova pot
14.5047137;46.21547068;106031;Lahovče
14.5047137;46.21547068;106032;Lahovče
14.70956335;46.04508948;406071;Lanišče
14.70973851;46.04514623;406072;Lanišče
14.55773648;45.99716303;504091;Lavrica
14.55773648;45.99716303;504092;Lavrica
14.55428661;46.00155858;504081;Lavrica pri Malči
14.55428661;46.00155858;504082;Lavrica pri Malči
14.5582025;46.06208225;204011;Leskoškova
14.5583111;46.06190819;204012;Leskoškova
14.34042139;45.99980816;705041;Lesno Brdo
14.34042139;45.99980816;705042;Lesno Brdo
14.45503396;46.23119788;107011;Letališče Brnik
14.45503396;46.23119788;107012;Letališče Brnik
14.57021998;46.06222582;204041;Letališka
14.57124381;46.06204485;204042;Letališka
14.5731753;46.06223823;204051;Letališka-obračališče
14.28771003;45.98476032;776041;Ligojna K
14.28771003;45.98476032;776042;Ligojna K
14.47119987;45.99750341;614071;Lipe
14.46983443;45.99767872;614072;Lipe
14.48978786;46.0768908;803053;Litostroj
14.48895515;46.07696587;803051;Litostrojska
14.48920829;46.07675405;803052;Litostrojska
14.51131568;46.03436032;603091;Livada
14.5124861;46.0331502;603092;Livada
14.59426803;46.04723517;304102;Lj. Vevče Papirnica
14.59448882;46.04743481;304103;Lj. Vevče Papirnica
14.28749355;46.02100043;716021;Ljubgojna
14.28749355;46.02100043;716022;Ljubgojna
14.53054446;46.10245821;104111;Črnuče
14.53054446;46.10245821;104112;Črnuče
14.58241999;46.03837031;404131;Dobrunje
14.58246491;46.03813258;404132;Dobrunje
14.48636339;46.04470659;703071;Ilirija
14.48636339;46.04470659;703072;Ilirija
14.44290356;46.0369097;714011;Kozarje GD
14.44290356;46.0369097;714012;Kozarje GD
14.44306282;46.04487343;714021;Kozarje gmajna
14.44306282;46.04487343;714022;Kozarje gmajna
14.43951658;46.02942511;704061;Na Gmajnici
14.43951658;46.02942511;704062;Na Gmajnici
14.51685858;46.03861716;503013;Orlova
14.51685858;46.03861716;503014;Orlova
14.54878575;46.00643185;504071;pod Hribom
14.54878575;46.00643185;504072;pod Hribom
14.52339349;46.0358912;503021;Rakovnik
14.52339349;46.0358912;503022;Rakovnik
14.54182523;46.02066118;504022;Rudnik
14.54182523;46.02066118;504033;Rudnik
14.51393171;46.09042675;103131;Ruski car
14.51393171;46.09042675;103132;Ruski car
14.51032109;46.06945144;102041;Ljubljana stad.
14.51032109;46.06945144;102042;Ljubljana stad.
14.51759292;46.03885869;503011;Ljubljana str.
14.51759292;46.03885869;503012;Ljubljana str.
14.46589402;46.09604362;804041;Šentvid
14.46589402;46.09604362;804042;Šentvid
14.46181199;46.1088821;804101;Tabor
14.46181199;46.1088821;804102;Tabor
14.46163269;46.11802879;804141;Tacen
14.46163269;46.11802879;804142;Tacen
14.49791245;46.05285562;701011;Tivolska
14.49791245;46.05285562;701012;Tivolska
14.49342368;46.04696041;602042;Tobačna
14.52077418;46.05951268;202011;Viadukt
14.52077418;46.05951268;202012;Viadukt
14.47789121;46.04220298;703091;Vič
14.47789121;46.04220298;703092;Vič
14.44438083;46.12886806;815011;Vikrče
14.44438083;46.12886806;815012;Vikrče
14.59620044;46.03611898;404151;Zadvor
14.5965957;46.03581868;404152;Zadvor
14.48669139;46.07975381;803061;Ljubljanske brigade
14.48526178;46.08168002;803062;Ljubljanske brigade
14.6819334;45.93463516;556091;Lobček
14.68223381;45.93463516;556092;Lobček
14.37247016;46.0091613;705021;Log pri Brez.Mole
14.37247016;46.0091613;705022;Log pri Brez.Mole
14.35363849;46.00566901;705031;Log pri Brez.vas
14.35363849;46.00566901;705032;Log pri Brez.vas
14.36319541;46.07317371;725081;Log pri Polh.G.
14.36319541;46.07317371;725082;Log pri Polh.G.
14.20573922;45.9118232;707021;Logatec
14.20573922;45.9118232;707022;Logatec
14.22714809;45.91801623;706041;Logatec Krpan
14.22714809;45.91801623;706042;Logatec Krpan
14.56692153;46.15076958;105041;Loka pri Mengšu
14.56692153;46.15076958;105042;Loka pri Mengšu
14.72023122;45.92715334;556061;Luče Na Šoli
14.72023122;45.92715334;556062;Luče Na Šoli
14.40527474;46.02251784;704091;Lukovica pri Brezovici
14.40527474;46.02251784;704092;Lukovica pri Brezovici
14.78733677;45.93750036;507021;M.Hudo
14.78733677;45.93750036;507022;M.Hudo
14.71072872;45.88089417;526061;M.Ilova Gora
14.71072872;45.88089417;526062;M.Ilova Gora
14.63012601;45.88859022;546081;M.Lipljene
14.63012601;45.88859022;546082;M.Lipljene
14.64781615;45.99235782;415062;M.Lipoglav
14.61314011;45.88660812;516021;M.Ločnik/Turjaku
14.61322021;45.88619232;516022;M.Ločnik/Turjaku
14.67351212;45.93569063;526011;M.Mlačevo
14.67351212;45.93569063;526012;M.Mlačevo
14.69138432;45.8988266;526041;M.Račna
14.69136047;45.89880753;526042;M.Račna
14.67327026;45.97488891;535021;M.St.vas
14.67327026;45.97488891;535022;M.St.vas
14.62490542;45.93314881;546051;M.vas pri Grosupljem
14.62490542;45.93314881;546052;M.vas pri Grosupljem
14.59971559;45.98160697;505041;M.Vrh pri Šmarju
14.59971559;45.98160697;505042;M.Vrh pri Šmarju
14.64790598;45.99216998;415061;Mali Lipoglav
14.82129365;45.87018624;528041;Marinča vas
14.82129365;45.87018624;528042;Marinča vas
14.46432399;46.11351525;804131;Martinova
14.49715287;45.97172877;615031;Matena
14.49715287;45.97172877;615032;Matena
14.43767832;46.12345784;804071;Medno
14.43767757;46.12388011;804072;Medno
14.41417514;46.13821465;805011;Medvode
14.41417514;46.13821465;805012;Medvode
14.40650786;46.14246741;805041;Medvode
14.4102182;46.14699396;805051;Medvode na klancu
14.4102182;46.14699396;805052;Medvode na klancu
14.57135958;46.16448043;105061;Mengeš Lovec
14.57135958;46.16448043;105062;Mengeš Lovec
14.573142;46.16843696;105071;Mengeš Pavovec
14.573142;46.16843696;105072;Mengeš Pavovec
14.56914287;46.15729213;105051;Mengeš Petrol
14.56914287;46.15729213;105052;Mengeš Petrol
14.51103421;46.07366029;102081;Mercator
14.51150461;46.07386328;102082;Mercator
14.4829499;46.03789484;603051;Mestni log
14.52156094;46.02937989;503051;Mihov štradon
14.52188036;46.02903657;503052;Mihov štradon
14.50071294;46.04467036;602071;Mirje
14.50066912;46.04562233;602072;Mirje
14.54871679;46.19403131;105091;Moste/Komendi
14.54871679;46.19403131;105092;Moste/Komendi
14.49946734;46.07429845;102061;Mostovna
14.4997909;46.07445578;102062;Mostovna
14.80504138;45.9306258;567011;Mrzlo Polje
14.80504138;45.9306258;567012;Mrzlo Polje
14.79977273;45.90201254;567041;Muljava
14.79977273;45.90201254;567042;Muljava
14.49998388;46.03845359;603061;Murgle
14.49976117;46.03728775;603062;Murgle
14.45003483;46.07355556;804211;Murkova
14.44892688;46.07416416;804212;Murkova
14.50679928;45.97377742;615021;Na Gmajni
14.5069775;45.97377632;615022;Na Gmajni
14.49014578;46.06663071;802031;Na jami
14.48974524;46.06666257;802032;Na jami
14.46258659;46.10390673;804091;Na klancu
14.46295334;46.10379449;804092;Na klancu
14.55801127;46.0974956;204131;Nadgorica
14.55879077;46.09657601;204132;Nadgorica
14.5159918;46.21081315;106021;Nasovče
14.5159918;46.21081315;106022;Nasovče
14.50829124;46.05970001;100012;Navje
14.40713286;45.99661848;745031;Notranje Gorice mostiček
14.40713286;45.99661848;745032;Notranje Gorice mostiček
14.40239054;45.98800099;745041;Notranje Gorice Š
14.40239054;45.98800099;745042;Notranje Gorice Š
14.43101228;45.90659022;746051;Novaki
14.43101228;45.90659022;746052;Novaki
14.55156651;46.06981084;203171;Nove Jarše
14.54842803;46.0703746;203161;Nove Jarše-Šmartinska
14.51980668;46.08175142;103081;Nove Stožice
14.53158439;46.07439222;203071;Nove Žale
14.53211958;46.07457478;203072;Nove Žale
14.40889948;46.14192512;805031;Novo naselje
14.40846351;46.14208869;805032;Novo naselje
14.58259966;46.06523935;204101;Novo Polje
14.58302479;46.06465944;204102;Novo Polje
14.53490829;46.02069092;504051;NS Rudnik
14.53462696;46.0205574;504052;NS Rudnik
14.53539467;46.01834106;504061;NS Rudnik
14.46157175;46.11222702;804111;Ob daljnovodu
14.46205985;46.11291321;804112;Ob daljnovodu
14.41064814;46.14091074;805021;Ob igrišču
14.53984928;46.05382132;303032;Ob sotočju
14.41263091;46.01081182;744021;Obračališče Vnanje Gorice
14.54221422;46.09775191;104081;Obrtna cona
14.54331872;46.0973;104082;Obrtna cona
14.45419929;46.07406823;804201;Omersova
14.45286425;46.07414459;804202;Omersova
14.5608269;46.05618158;304021;Osenjakova
14.56216996;46.0555716;304022;Osenjakova
14.55934967;45.86068972;606051;Osredek/Robu
14.55934967;45.86068972;606052;Osredek/Robu
14.5346993;46.10519562;104151;OŠ Maksa Pečarja
14.53451508;46.10506491;104152;OŠ Maksa Pečarja
14.5982594;46.03586259;404161;OŠ Sostro
14.597936;46.03562484;404162;OŠ Sostro
14.36739627;45.94088064;756031;Pako
14.36739627;45.94088064;756032;Pako
14.66408394;45.98850066;415051;Pance K.
14.66374258;45.98867599;415052;Pance K.
14.50474527;46.06373327;101021;Parmova
14.50443791;46.06384677;101022;Parmova
14.6275319;45.93570825;546041;Pece K
14.6275319;45.93570825;546042;Pece K
14.69877978;45.97793683;535081;Peč pri Polici
14.69877978;45.97793683;535082;Peč pri Polici
14.66270585;45.97089937;535011;Perovo
14.66270585;45.97089937;535012;Perovo
14.53265572;46.02992213;503041;Peruzzijeva
14.53175935;46.03026597;503042;Peruzzijeva
14.60189586;46.05694263;304111;Petrol
14.60183879;46.05665501;304112;Petrol
14.57288293;45.95210549;515031;Pijava Gorica
14.57288293;45.95210549;515032;Pijava Gorica
14.50649468;46.01182;614011;Plečnikova cerkev
14.50598264;46.01222685;614012;Plečnikova cerkev
14.46942749;46.08151006;803121;Plešičeva
14.46963687;46.08185675;803122;Plešičeva
14.69583259;45.9313519;556071;Plešivica pri Žalni
14.69583259;45.9313519;556072;Plešivica pri Žalni
14.38551415;46.00021172;765021;Plešivica/Logu grad
14.38551415;46.00021172;765022;Plešivica/Logu grad
14.38025713;46.00273878;765011;Plešivica/Logu spomenik
14.38025713;46.00273878;765012;Plešivica/Logu spomenik
14.52993358;46.04853979;403031;Pod Golovcem
14.52992342;46.048402;403032;Pod Golovcem
14.45588887;46.07371103;804191;Pod Kamno Gorico
14.45648639;46.0738463;804192;Pod Kamno Gorico
14.49227978;46.05111549;702011;Pod Rožnikom
14.49197798;46.0511972;702012;Pod Rožnikom
14.46929936;46.09257027;804031;Podgora
14.46914067;46.0935451;804032;Podgora
14.70227361;45.82696575;517061;Podgora/Dobrepolju K
14.70227361;45.82696575;517062;Podgora/Dobrepolju K
14.3198194;45.95829791;756111;Podgora/Verdu
14.3198194;45.95829791;756112;Podgora/Verdu
14.53906042;45.93174749;605041;Podgozd
14.53906042;45.93174749;605042;Podgozd
14.22317428;46.00568665;776111;Podlipa
14.22317428;46.00568665;776112;Podlipa
14.26259323;45.98974216;776071;Podlipa hrast
14.26259323;45.98974216;776072;Podlipa hrast
14.21762692;46.00993183;776121;Podlipa Kovtrov z.
14.21762692;46.00993183;776122;Podlipa Kovtrov z.
14.24982281;45.99387022;776081;Podlipa Podlogar
14.24982281;45.99387022;776082;Podlipa Podlogar
14.23967887;45.99697056;776091;Podlipa pri tran.
14.23967887;45.99697056;776092;Podlipa pri tran.
14.26895333;45.98756946;776061;Podlipa Stope
14.26895333;45.98756946;776062;Podlipa Stope
14.22870514;46.00163903;776101;Podlipa Vičič
14.22870514;46.00163903;776102;Podlipa Vičič
14.21590546;46.01479684;777021;Podlipa Zukancov z.
14.21590546;46.01479684;777022;Podlipa Zukancov z.
14.2250688;46.00779595;777011;Podlipa Županov z.
14.2250688;46.00779595;777012;Podlipa Županov z.
14.62327445;46.01716939;415021;Podlipoglav
14.62331038;46.0169034;415022;Podlipoglav
14.50338112;46.06942004;102051;Podmilščakova
14.5037349;46.06966462;102052;Podmilščakova
14.46502181;46.04726385;703051;Podmornica
14.46434582;46.04740918;703052;Podmornica
14.32808348;46.02454326;715121;Podolnica
14.32808348;46.02454326;715122;Podolnica
14.42085828;45.97391705;745051;Podpeč 
14.42024742;45.97378239;745052;Podpeč 
14.41134195;45.96664606;745071;Podpeč/Lj.Jereb
14.41134195;45.96664606;745072;Podpeč/Lj.Jereb
14.32709599;46.05992126;725121;Podreber/Polh.G.
14.32710266;46.06016541;725122;Podreber/Polh.G.
14.42884039;46.03946785;715031;Podsmreka GD
14.42884039;46.03946785;715032;Podsmreka GD
14.43351719;46.02870731;715051;Podsmreka pri Gorjancu
14.43351719;46.02870731;715052;Podsmreka pri Gorjancu
14.759455;45.94953862;506041;Podsmreka pri Višnji G.
14.759455;45.94953862;506042;Podsmreka pri Višnji G.
14.43071545;46.03551819;715041;Podsmreka Rotar
14.43071545;46.03551819;715042;Podsmreka Rotar
14.44411518;46.07456619;804221;Podutik
14.5072916;46.08240886;103061;Pohorskega bataljona
14.50748407;46.08205257;103062;Pohorskega bataljona
14.52927561;46.0656264;203011;Pokopališka
14.52900118;46.06560901;203012;Pokopališka
14.52551754;46.1067526;104121;Polanškova
14.52585486;46.10731567;104122;Polanškova
14.31118778;46.07465002;736011;Polh.G.Mačkov graben
14.31118778;46.07465002;736012;Polh.G.Mačkov graben
14.29977114;46.07985796;736021;Polh.G.Petačev graben
14.29977114;46.07985796;736022;Polh.G.Petačev graben
14.31571069;46.06536905;726011;Polhov Gradec
14.31571069;46.06536905;726012;Polhov Gradec
14.70371324;45.98092791;535091;Polica/Viš.G.
14.70371324;45.98092791;535092;Polica/Viš.G.
14.51952476;46.05380889;402021;Poliklinika
14.51903455;46.0535822;402022;Poliklinika
14.51477251;46.05055529;502011;Poljanska
14.5156647;46.05003174;502012;Poljanska
14.58253415;46.05407362;304071;Polje
14.58305032;46.05369909;304072;Polje
14.58338031;46.0547232;304073;Polje
14.5836686;46.05488179;304074;Polje
14.49025249;46.16347122;825031;Polje obračališe
14.490345;46.16327667;825032;Polje obračališe
14.50361443;46.15842819;826071;Polje pri Vodicah
14.50370502;46.15862274;826072;Polje pri Vodicah
14.58348108;46.05718658;304081;Polje-kolodvor
14.58376363;46.05748021;304082;Polje-kolodvor
14.78044249;45.94110907;507011;Polževo K
14.78044249;45.94110907;507012;Polževo K
14.65073163;45.86026171;517011;Ponikve/Dobrepolju
14.65073163;45.86026171;517012;Ponikve/Dobrepolju
14.64383861;45.8587199;517021;Ponikve/Dobrepolju Inv. d
14.64383861;45.8587199;517022;Ponikve/Dobrepolju Inv. d
14.63082393;45.93907057;546031;Ponova vas
14.63082393;45.93907057;546032;Ponova vas
14.57391688;46.03865404;804262;Postajališča Kamnogoriškega III.
14.50357896;46.05216488;601011;Pošta
14.58615671;46.04200248;404041;Pošta Dobrunje
14.58704051;46.04185349;404042;Pošta Dobrunje
14.54957501;46.05625498;303051;Pot na Fužine
14.55112742;46.05597931;303052;Pot na Fužine
14.5014376;46.03289819;603071;Pot na Rakovo jelšo
14.50195114;46.03342894;603072;Pot na Rakovo jelšo
14.53193934;46.10850697;104141;Pot v Hrastovec
14.53252958;46.10786513;104142;Pot v Hrastovec
14.52769074;46.10929561;104131;Pot v Smrečje
14.52831804;46.10923003;104132;Pot v Smrečje
14.47823631;46.14170007;825011;Povodje
14.47823631;46.14170007;825012;Povodje
14.88104086;45.96509159;508071;Praproče pri Temenici
14.88104086;45.96509159;508072;Praproče pri Temenici
14.67966852;45.91226852;526021;Predole K
14.67966852;45.91226852;526022;Predole K
14.67879916;45.85817058;517031;Predstruge
14.67879916;45.85817058;517032;Predstruge
14.55886794;46.05469669;304011;Preglov trg
14.55868382;46.05452828;304012;Preglov trg
14.51589122;46.06457658;202021;Prekmurska
14.51656657;46.06458658;202022;Prekmurska
14.41600057;45.95488274;746011;Preserje/Krimom
14.41600057;45.95488274;746012;Preserje/Krimom
14.4592278;46.04725744;703061;Preval
14.45880312;46.04746188;703062;Preval
14.3904319;45.96139904;756011;Prevalje pod Krimom
14.3904319;45.96139904;756012;Prevalje pod Krimom
14.73045694;46.0233955;406041;Prežganje Š
14.73045694;46.0233955;406042;Prežganje Š
14.74113425;46.02016284;406031;Prežganje Š K
14.74113425;46.02016284;406032;Prežganje Š K
14.65756436;45.98908825;415071;Pri Dogonivar
14.65738469;45.98968938;415072;Pri Dogonivar
14.64020891;46.01800997;415091;Pri Dolencu
14.64078383;46.01752181;415092;Pri Dolencu
14.82197018;45.81910573;529011;Primča vas
14.82197018;45.81910573;529012;Primča vas
14.65891183;45.9918371;415081;Primožev ovinek
14.6585525;45.99202494;415082;Primožev ovinek
14.53019129;46.10328755;104113;Primožičeva
14.51137752;46.04400873;602111;Privoz
14.51163953;46.04368714;602112;Privoz
14.47163116;46.08991002;804021;Prušnikova
14.47135797;46.09071759;804022;Prušnikova
14.45903655;46.08828339;804181;Pržan
14.51952763;46.07646208;103041;Puhova
14.51996937;46.07688162;103042;Puhova
14.45303726;46.03359604;704072;Radna
14.87433266;45.94428609;508041;Radohova vas/Šentvidu
14.87433266;45.94428609;508042;Radohova vas/Šentvidu
14.43974141;45.89084187;746061;Rakitna
14.43974141;45.89084187;746062;Rakitna
14.5527967;46.04676504;403061;Rast
14.55296966;46.04655042;403062;Rast
14.49334978;46.12711172;104211;Rašica
14.49429761;46.12695973;104212;Rašica
14.62573433;45.85273743;516041;Rašica
14.62529182;45.85242462;516042;Rašica
14.6056415;45.97769545;505051;Razdrto/Šmarju
14.6056415;45.97769545;505052;Razdrto/Šmarju
14.42443552;46.05062095;714041;Razori K
14.42443552;46.05062095;714042;Razori K
14.43563097;46.04890405;714031;Razori Rogovilc
14.43563097;46.04890405;714032;Razori Rogovilc
14.50701889;46.06078882;100021;Razstavišče
14.507709;46.06102193;100022;Razstavišče
14.59604685;46.09104427;204161;Reaktor
14.59733297;46.09080419;204162;Reaktor
14.58826234;45.98580892;505021;Reber pri Škofljici
14.58826234;45.98580892;505022;Reber pri Škofljici
14.48550718;46.07435394;803014;Remiza
14.48317863;46.16686475;825041;Repnje Benk
14.48329646;46.16690543;825042;Repnje Benk
14.48665573;46.16342205;825101;Repnje K
14.48665573;46.16342205;825102;Repnje K
14.48429777;46.17676823;825061;Repnje kapelica
14.48429777;46.17676823;825062;Repnje kapelica
14.48110993;46.17141386;825051;Repnje samostan
14.48110993;46.17141386;825052;Repnje samostan
14.57156395;45.84818379;606061;Rob
14.57156395;45.84818379;606062;Rob
14.56485823;46.06215462;204031;Rog
14.56607064;46.06200422;204032;Rog
14.51943779;46.04845428;502021;Roška
14.52074112;46.04866766;502022;Roška
14.53170056;46.06334474;203021;Rožičeva
14.53204532;46.06333473;203022;Rožičeva
14.48220853;46.0477794;703011;Rožna dolina
14.48196873;46.04790197;703012;Rožna dolina
14.50631379;46.05473605;500011;RTV
14.54427743;46.01795028;504031;Rudnik
14.56353816;46.05472132;304031;Rusjanov trg
14.5628501;46.05452521;304032;Rusjanov trg
14.47667061;46.0002174;614061;Rutar
14.47594297;46.00022053;614062;Rutar
14.61220757;46.02174728;415011;Sadinja vas
14.6121357;46.02159083;415012;Sadinja vas
14.50544221;46.06711384;102011;Samova
14.5049636;46.06677389;102012;Samova
14.60844985;46.06719896;204201;Saturnus
14.52042951;46.10101741;104051;Sava
14.52198527;46.10081079;104052;Sava
14.5738773;46.03865277;104054;Sava
14.50336859;46.09507163;104011;Savlje
14.52178553;46.06579744;202031;Savske stolpnice
14.52302837;46.06586619;202032;Savske stolpnice
14.52435782;46.06266918;202041;Savsko naselje
14.52485393;46.062765;202042;Savsko naselje
14.6572285;45.99933875;415041;Selo pri Pancah K.
14.6572824;45.99915407;415042;Selo pri Pancah K.
14.87315641;45.95689524;508061;Selo pri Radohovi vasi
14.87315641;45.95689524;508062;Selo pri Radohovi vasi
14.51666391;46.16353887;826051;Selo pri Vodicah
14.51666391;46.16353887;826052;Selo pri Vodicah
14.60626404;46.05782855;304131;Silos
14.60667214;46.05771915;304132;Silos
14.31452595;45.98327127;705061;Sinja Gorica
14.31452595;45.98327127;705062;Sinja Gorica
14.30780995;45.97739583;705071;Sinja Gorica Avt.
14.30780995;45.97739583;705072;Sinja Gorica Avt.
14.48266742;46.15233271;825021;Skaručna
14.48266742;46.15233271;825022;Skaručna
14.4862111;46.07318099;803011;Slovenija avto
14.486431;46.07393812;803012;Slovenija avto
14.55257183;46.09387977;204111;Slovenijales
14.5533909;46.09356507;204112;Slovenijales
14.51309441;46.08229157;103071;Smelt
14.51346402;46.08227415;103072;Smelt
14.43371189;46.16868538;815091;Smlednik
14.43371189;46.16868538;815092;Smlednik
14.43529855;46.16358113;815081;Smlednik Hočevar
14.43529855;46.16358113;815082;Smlednik Hočevar
14.27422495;46.08314062;737021;Smolnik nad Hribom
14.27422495;46.08314062;737022;Smolnik nad Hribom
14.27532835;46.07686725;737011;Smolnik Praprotnik
14.27532835;46.07686725;737012;Smolnik Praprotnik
14.27273438;46.06910834;736051;Smolnik Setnik
14.27273438;46.06910834;736052;Smolnik Setnik
14.27765541;46.06644467;736041;Smolnik Zalog
14.27765541;46.06644467;736042;Smolnik Zalog
14.28916465;46.0716183;736031;Smolnik žaga
14.28916465;46.0716183;736032;Smolnik žaga
14.19218254;46.01534271;777051;Smrečje/Vrh.pri Kapelici
14.19218159;46.01531601;777052;Smrečje/Vrh.pri Kapelici
14.19434657;46.01336057;777061;Smrečje/Vrhniko
14.19434657;46.01336057;777062;Smrečje/Vrhniko
14.19437271;46.0195782;777041;Smrečje/Vrhniko pri Mihu
14.19437271;46.0195782;777042;Smrečje/Vrhniko pri Mihu
14.21418539;46.01862709;777031;Smrečje/Vrhniko Samija
14.21418539;46.01862709;777032;Smrečje/Vrhniko Samija
14.72633937;46.02869839;406051;Smrekarjevo
14.72665378;46.02897371;406052;Smrekarjevo
14.57663822;45.93218231;515041;Smrjene
14.57604313;45.93218231;515042;Smrjene
14.56906635;46.07781655;204071;Sneberje
14.569514;46.07789723;204072;Sneberje
14.45808446;45.99104189;614091;Snoj
14.45707835;45.9915929;614092;Snoj
14.52571869;46.06679916;202071;soča
14.60443008;46.03183465;404091;Sostro
14.6042055;46.03212247;404092;Sostro
14.60455585;46.03200985;404093;Sostro
14.48684434;46.22899174;106051;Sp.Brnik
14.48684434;46.22899174;106052;Sp.Brnik
14.43909413;46.13402041;815021;Sp.Pirniče
14.43909413;46.13402041;815022;Sp.Pirniče
14.65540891;45.93213762;536031;Sp.Slivnica
14.65540891;45.93213762;536032;Sp.Slivnica
14.46702308;46.07688518;803171;Spar
14.46761087;46.07700295;803172;Spar
14.54018748;46.02367658;504021;Spodnji Rudnik
14.3238248;46.06087339;725131;Sr.vas pri Polh.G.
14.3238248;46.06087339;725132;Sr.vas pri Polh.G.
14.52485304;46.06253039;202043;Središka
14.52630636;46.06307278;202044;Središka
14.75170538;45.95474991;506031;St.trg/Višnji G.
14.75170538;45.95474991;506032;St.trg/Višnji G.
14.29153388;45.97401666;776031;St.Vrhnika K
14.29153388;45.97401666;776032;St.Vrhnika K
14.51184654;45.95730972;625031;Staje
14.51215363;45.95716095;625032;Staje
14.44599232;46.1103084;804061;Stanežiče
14.44277755;46.11536126;804062;Stanežiče
14.49433822;46.0640675;802011;Stara cerkev
14.49420895;46.06500257;802012;Stara cerkev
14.80648291;45.95573217;507051;Stična K
14.80648291;45.95573217;507052;Stična K
14.80270708;45.94724983;507041;Stična KZ
14.80270708;45.94724983;507042;Stična KZ
14.51382903;46.08623513;103101;Stožice
14.51401511;46.08605415;103102;Stožice
14.48883395;45.94309694;626021;Strahomer
14.48883395;45.94309694;626022;Strahomer
14.51695125;46.04460728;502031;Streliška
14.51832046;46.04498772;502032;Streliška
14.57601982;46.05471969;304061;Studenec
14.57610479;46.0544873;304062;Studenec
14.81292144;45.94181865;507081;Studenec/Iv.Gorici
14.81292144;45.94181865;507082;Studenec/Iv.Gorici
14.20762022;46.04565599;727021;Suhi Dol/Planino
14.20762022;46.04565599;727022;Suhi Dol/Planino
14.71032241;46.02055711;406011;Šemnikar
14.719019;46.019407;406012;Šemnikar
14.58243785;46.09137696;204151;Šentjakob
14.581947;46.09118775;204152;Šentjakob
14.22383578;46.03137967;716051;Šentjošt
14.22383578;46.03137967;716052;Šentjošt
14.83733082;45.95382309;507111;Šentvid pri Stični
14.83752155;45.9538269;507112;Šentvid pri Stični
14.84366894;45.94802094;507121;Šentvid pri Stični K
14.84376431;45.94799805;507122;Šentvid pri Stični K
14.85051196;45.94126153;507131;Šentvid pri Stični ŽP
14.85051196;45.94126153;507132;Šentvid pri Stični ŽP
14.48505485;46.07378115;803016;Šišenska
14.6304353;45.88467712;546091;Škocjan/Turjaku
14.6304353;45.88467712;546092;Škocjan/Turjaku
14.87371498;45.93788346;508031;Škoflje/Šentvidu
14.87371498;45.93788346;508032;Škoflje/Šentvidu
14.57542302;45.98222454;515011;Škofljica
14.57542302;45.98222454;515012;Škofljica
14.58106081;45.98569739;505011;Škofljica Javornik
14.58106081;45.98569739;505012;Škofljica Javornik
14.56628394;45.98957004;504101;Škofljica Petkovšek
14.56628394;45.98957004;504102;Škofljica Petkovšek
14.57146173;45.98600838;504111;Škofljica žaga
14.57146173;45.98600838;504112;Škofljica žaga
14.53891507;45.91967178;605051;Škrilje
14.53891507;45.91967178;605052;Škrilje
14.80514675;45.92627102;567021;Škrjanče/Iv.G.
14.80514675;45.92627102;567022;Škrjanče/Iv.G.
14.53566218;46.09790421;104071;Šlandrova
14.53600971;46.09779541;104072;Šlandrova
14.61370865;45.97566237;505061;Šmarje-Sap
14.61370865;45.97566237;505062;Šmarje-Sap
14.61998402;45.9732539;505071;Šmarje-Sap ŽP
14.61998402;45.9732539;505072;Šmarje-Sap ŽP
14.47781124;46.12375473;104191;Šmartno
14.47699284;46.12334095;104192;Šmartno
14.5331738;46.06675351;203041;Šola Jarše
14.53454997;46.06714988;203042;Šola Jarše
14.53418023;46.06640269;203044;Šola Jarše
14.59430465;45.98558749;505031;Špilar/Šmarju
14.59430465;45.98558749;505032;Špilar/Šmarju
14.62302166;45.9266102;546061;Št.Jurij
14.62302166;45.9266102;546062;Št.Jurij
14.53755519;46.04801819;403041;Štepanja vas
14.53914119;46.04792872;403042;Štepanja vas
14.53855476;46.04868603;403043;Štepanja vas
14.54788104;46.05381353;303041;Štepanjsko naselje
14.54828152;46.05354815;303043;Štepanjsko naselje
14.4884871;46.04953604;702021;Študentsko naselje
14.4874221;46.04938687;702022;Študentsko naselje
14.41252423;46.06314377;725021;Šuica
14.41252423;46.06314377;725022;Šuica
14.46688056;46.12023981;804151;Tacen
14.46694644;46.12014763;804152;Tacen
14.48037851;46.08583358;803071;Tehnounion
14.47969574;46.08705637;803072;Tehnounion
14.88138123;45.968898;508081;Temenica
14.88138123;45.968898;508082;Temenica
14.4951454;46.07295956;802061;Tiki
14.49542842;46.07278152;802062;Tiki
14.49734384;46.06030028;801011;Tivoli
14.49796102;46.06007479;801012;Tivoli
14.49446462;46.0469033;602041;Tobačna
14.536732;46.0795024;203081;Tomačevo
14.52760269;46.06835832;203031;Tomačevska
14.52715699;46.06811971;203032;Tomačevska
14.48168096;45.96337293;615061;Tomišelj
14.48168096;45.96337293;615062;Tomišelj
14.46816543;45.97220988;615071;Tomišelj Anzeljc
14.46816543;45.97220988;615072;Tomišelj Anzeljc
14.47339142;45.96677233;615051;Tomišelj K
14.47339142;45.96677233;615052;Tomišelj K
14.50021355;46.07652215;103011;Toplarna
14.50039131;46.0763352;103012;Toplarna
14.51492284;46.06723444;102021;Topniška
14.51483557;46.06707902;102022;Topniška
14.56134198;46.18183471;105081;Topole/Mengšu
14.56134198;46.18183471;105082;Topole/Mengšu
14.50107384;46.07936903;103051;Tovarna Lek
14.5391211;46.06144081;203061;Tovorni kolodvor
14.53941727;46.06072976;203062;Tovorni kolodvor
14.47409528;46.08708116;804011;Trata
14.47461346;46.08716628;804012;Trata
14.73826002;46.01312189;406021;Trebeljevo
14.73863731;46.01326585;406022;Trebeljevo
14.50928138;46.04095315;602121;Trnovo
14.69793312;45.99370769;535051;Truščine
14.69793312;45.99370769;535052;Truščine
14.56430211;46.13319201;105021;Trzin
14.56430211;46.13319201;105022;Trzin
14.55112837;46.11946049;104241;Trzin ind.cona
14.55112837;46.11946049;104242;Trzin ind.cona
14.55913052;46.12928533;105011;Trzin Mlake
14.55913052;46.12928533;105012;Trzin Mlake
14.56310753;46.13862198;105031;Trzin vas
14.56310753;46.13862198;105032;Trzin vas
14.47589899;46.07393232;803101;Tržnica Koseze
14.47586926;46.0743593;803102;Tržnica Koseze
14.53445687;46.05587776;303011;Tržnica Moste
14.5339651;46.05549754;303012;Tržnica Moste
14.72101912;46.05104089;406081;Tuji Grm
14.50746995;46.05359792;500012;Turist
14.61468315;45.8781929;516031;Turjak
14.61409283;45.8776207;516032;Turjak
14.50995432;46.1710863;826041;Utik
14.50995432;46.1710863;826042;Utik
14.80887167;45.87356306;528031;V.Lese
14.80887167;45.87356306;528032;V.Lese
14.29724237;45.99410788;776051;V.Ligojna
14.29724237;45.99410788;776052;V.Ligojna
14.63745153;45.90345113;546071;V.Lipljene
14.63745153;45.90345113;546072;V.Lipljene
14.72271751;45.93802426;556051;V.Loka pri Viš.G.
14.72271751;45.93802426;556052;V.Loka pri Viš.G.
14.67516841;45.9395344;556101;V.Mlačevo
14.67516841;45.9395344;556102;V.Mlačevo
14.67545641;45.93953821;556021;V.Mlačevo K
14.67545641;45.93953821;556022;V.Mlačevo K
14.68556426;45.94010617;556031;V.Mlačevo ŽP
14.68556426;45.94010617;556032;V.Mlačevo ŽP
14.68955457;45.90428752;526031;V.Račna
14.68955457;45.90428752;526032;V.Račna
14.6771388;45.97763067;535031;V.St.vas
14.6771388;45.97763067;535032;V.St.vas
14.87046526;45.86190164;528071;Valična vas
14.87046526;45.86190164;528072;Valična vas
14.65322047;46.00534157;415031;Veliki Lipoglav
14.65304081;46.00522889;415032;Veliki Lipoglav
14.50471;46.03745302;603081;Veliki štradon
14.50553226;46.03786366;603082;Veliki štradon
14.30295029;45.958372;756121;Verd K
14.30295029;45.958372;756122;Verd K
14.51161671;46.16070557;826061;Vesca/Vodicah
14.5117569;46.16051102;826062;Vesca/Vodicah
14.59254644;46.04963502;304101;Vevče
14.69482038;45.84849191;517041;Videm/Dobrepolju
14.69482038;45.84849191;517042;Videm/Dobrepolju
14.81437793;45.94990105;507061;Vir pri Stični
14.81437793;45.94990105;507062;Vir pri Stični
14.57431316;45.88577271;606031;Visoko/Kureščkom
14.57446957;45.88555145;606032;Visoko/Kureščkom
14.46958282;46.04594055;703041;Viško polje
14.46907592;46.04636618;703042;Viško polje
14.74338412;45.95769644;506021;Višnja Gora
14.74338412;45.95769644;506022;Višnja Gora
14.83484363;45.80874111;529021;Višnje/Ambrusu
14.83484363;45.80874111;529022;Višnje/Ambrusu
14.45922433;46.1002036;804051;Vižmarje
14.41338029;46.00222922;745021;Vnanje Gorice Japelj
14.41338029;46.00222922;745022;Vnanje Gorice Japelj
14.41260106;46.01061562;745011;Vnanje Gorice rampe
14.41260106;46.01061562;745012;Vnanje Gorice rampe
14.49115512;46.18671855;826011;Vodice/Lj.
14.49115512;46.18671855;826012;Vodice/Lj.
14.49010804;46.18577367;825091;Vodice/Lj.K
14.49010804;46.18577367;825092;Vodice/Lj.K
14.50453826;46.07468163;102071;Vodovodna
14.50517444;46.07541235;102072;Vodovodna
14.48631334;46.14937541;826081;Vojsko/Vodicah
14.48631334;46.14937541;826082;Vojsko/Vodicah
14.71712266;46.03205217;406061;Volavlje
14.71710469;46.03233999;406062;Volavlje
14.49151434;46.22516164;106041;Vopovlje
14.49151434;46.22516164;106042;Vopovlje
14.50286484;46.05733871;700021;Vošnjakova
14.5033083;46.05801773;700022;Vošnjakova
14.49019879;45.95182191;625011;Vrbljene
14.49019879;45.95182191;625012;Vrbljene
14.59018135;45.90537643;516011;Vrh nad Želimljami
14.58992195;45.90498352;516012;Vrh nad Želimljami
14.29804574;45.96571127;706011;Vrhnika
14.29804574;45.96571127;706012;Vrhnika
14.28706476;45.96122555;706021;Vrhnika hrib
14.28706476;45.96122555;706022;Vrhnika hrib
14.29798794;45.96707535;705091;Vrhnika Jazon
14.29802513;45.96707153;705092;Vrhnika Jazon
14.29427034;45.96275929;776011;Vrhnika samop.
14.29427034;45.96275929;776012;Vrhnika samop.
14.29094048;45.96284671;776021;Vrhnika Voljčeva
14.29094048;45.96284671;776022;Vrhnika Voljčeva
14.30384738;45.97382669;705081;Vrhnika vrt.
14.30384738;45.97382669;705082;Vrhnika vrt.
14.45564934;46.04414458;704031;Vrhovci
14.26883357;46.01928579;716041;Vrzdenec
14.26883357;46.01928579;716042;Vrzdenec
14.5520548;46.06202974;203191;Yulon
14.55258285;46.06185837;203192;Yulon
14.58005372;46.0708616;204081;Zadobrova
14.58007192;46.07113941;204082;Zadobrova
14.58047094;46.07254418;204083;Zadobrova
14.61367524;46.06078177;204181;Zadružni dom
14.61374174;46.06106855;204182;Zadružni dom
14.59742362;46.04038733;404061;Zadvor
14.59825651;46.03995093;404062;Zadvor
14.651308;45.94459625;546011;Zadvor/Grosupljem
14.651308;45.94459625;546012;Zadvor/Grosupljem
14.6867981;45.93447495;556081;Zagradec pri Grosupljem
14.68667221;45.93447495;556082;Zagradec pri Grosupljem
14.83302309;45.86094939;528051;Zagradec/Krki
14.83302309;45.86094939;528052;Zagradec/Krki
14.31614239;46.02400025;715131;Zaklanec/Horjulu
14.31614239;46.02400025;715132;Zaklanec/Horjulu
14.60486798;46.06909643;204211;Zalog
14.53951276;46.05614112;303021;Zaloška
14.54191859;46.05579307;303024;Zaloška
14.24685312;45.94475868;706031;Zaplana 
14.24685312;45.94475868;706032;Zaplana 
14.46672043;46.17959856;825081;Zapoge
14.46672043;46.17959856;825082;Zapoge
14.55664437;45.87543594;606041;Zapotok/Kureščkom K
14.55664437;45.87543594;606042;Zapotok/Kureščkom K
14.54603131;46.10385002;104171;Zasavska
14.54707628;46.10329365;104172;Zasavska
14.44683712;46.14014035;815061;Zavrh/Šmarno g.gmajna
14.44683712;46.14014035;815062;Zavrh/Šmarno g.gmajna
14.44938696;46.14665783;815071;Zavrh/Šmarno g.Kobiljar
14.44938696;46.14665783;815072;Zavrh/Šmarno g.Kobiljar
14.44404989;46.13605999;815051;Zavrh/Šmarno g.tran.
14.44404989;46.13605999;815052;Zavrh/Šmarno g.tran.
14.41792946;46.15846469;805081;Zbilje jezero
14.41792946;46.15846469;805082;Zbilje jezero
14.41216068;46.15760075;805071;Zbilje K
14.41216068;46.15760075;805072;Zbilje K
14.41105772;46.15082672;805061;Zbiljski Gaj
14.41105772;46.15082672;805062;Zbiljski Gaj
14.70242142;45.85737934;527021;Zdenska vas
14.70242142;45.85737934;527022;Zdenska vas
14.52940557;46.06350147;202051;Zelena jama
14.6133417;46.06577199;204191;Zeleni gaj
14.61322428;46.06634259;204192;Zeleni gaj
14.7019591;46.02635187;405071;Zg. Besnica
14.70176147;46.02592636;405072;Zg. Besnica
14.48671677;46.12587884;104201;Zg. Gameljne
14.48658202;46.12569145;104202;Zg. Gameljne
14.43370246;46.13731401;815031;Zg.Pirniče KS
14.43370246;46.13731401;815032;Zg.Pirniče KS
14.4276422;46.14073898;815041;Zg.Pirniče Mihovec
14.4276422;46.14073898;815042;Zg.Pirniče Mihovec
14.48041841;46.06997322;803091;Zgornja Šiška
14.47844912;46.07110723;803092;Zgornja Šiška
14.48165626;46.00218629;614051;Zidarjevec
14.48057828;46.00228646;614052;Zidarjevec
14.49956749;46.04121628;602091;Ziherlova
14.4996356;46.04050377;602092;Ziherlova
14.50012317;46.04182123;602093;Ziherlova
14.51071763;46.05157746;501021;Zmajski most
14.51020444;46.05221348;501022;Zmajski most
14.7986991;45.89231094;567051;Znojilje K
14.7986991;45.89231094;567052;Znojilje K
14.70749366;45.9873125;535071;Žabja vas
14.70749366;45.9873125;535072;Žabja vas
14.52727675;46.06696201;202061;Žale
14.52766379;46.06689894;202062;Žale
14.69947921;45.93904564;556111;Žalna
14.69947921;45.93904564;556112;Žalna
14.70759611;45.9393365;556041;Žalna ŽP
14.70759611;45.9393365;556042;Žalna ŽP
14.27613689;46.01881029;716031;Žažar
14.27613689;46.01881029;716032;Žažar
14.51357976;46.06148379;201011;Železna
14.57414225;45.91889911;525031;Želimlje
14.5737114;45.91877747;525032;Želimlje
14.5727441;45.93315553;525021;Želimlje Nučič
14.5727441;45.93315553;525022;Želimlje Nučič
14.56781665;45.94501423;525011;Želimlje Rogovilec
14.56781665;45.94501423;525012;Želimlje Rogovilec
14.3844627;46.07658301;725061;Žirovnik
14.3844627;46.07658301;725062;Žirovnik
14.54525804;46.06992753;203151;Žito
14.54673934;46.06982269;203152;Žito
14.47152264;46.05273741;703121;Živalski vrt
14.47184665;46.05268969;703122;Živalski vrt
14.4702849;46.05358239;703131;Živalski vrt